{
	"$schema": "./node_modules/@biomejs/biome/configuration_schema.json",
	"formatter": {
		"enabled": true
	},
	"linter": {
		"enabled": true,
		"rules": {
			"recommended": true,
			"suspicious": {
				"noExplicitAny": "off",
				"noArrayIndexKey": "off"
			},
			"complexity": {
				"noForEach": "off",
				"useSimplifiedLogicExpression": "warn"
			},
			"correctness": {
				"useExhaustiveDependencies": "off",
				"noUnusedImports": "error",
				"noUnusedFunctionParameters": "warn"
			},
			"style": {
				"noUnusedTemplateLiteral": {
					"level": "error",
					"fix": "safe"
				},
				"noNonNullAssertion": "warn",
				"useBlockStatements": "warn"
			}
		}
	},
	"organizeImports": {
		"enabled": true
	},
	"files": {
		"ignore": ["./packages/database/src/zod/index.ts"]
	},
	"javascript": {
		"jsxRuntime": "reactClassic"
	},
	"vcs": {
		"enabled": true,
		"clientKind": "git",
		"defaultBranch": "main",
		"useIgnoreFile": true
	}
}
