{
  "$schema": "https://json.schemastore.org/tsconfig",
  "compilerOptions": {
    "allowJs": true,
    "composite": false,
    "esModuleInterop": true,
    "forceConsistentCasingInFileNames": true,
    "incremental": true,
    "inlineSources": false,
    "isolatedModules": true,
    "module": "Preserve",
    "moduleResolution": "bundler",
    "noUnusedLocals": false,
    "noUnusedParameters": false,
    "preserveWatchOutput": true,
    "resolveJsonModule": true,
    "skipLibCheck": true,
    "strict": true,
    "strictNullChecks": true
  },
  "display": "Default",
  "exclude": [
    "node_modules"
  ]
}
